{
  "producttracking": [
    {
      "product_name": "Table Improvement",
      "product_unit": "Issue tracking is awesome because of collaboration",
      "id": 1
    },
    {
      "product_name": "Tooltip Issue",
      "product_unit": "Issue tracking is awesome because of collaboration",
      "id": 2
    },
    {
      "product_name": "asdf",
      "product_unit": "asdf",
      "id": 3
    },
    {
      "product_name": "Prueba2",
      "product_unit": "Prueba2",
      "id": 5
    },
    {
      "product_name": "Zapatos",
      "product_unit": "2",
      "id": 6
    },
    {
      "product_name": "Pantalón",
      "product_unit": "dad",
      "id": 7
    }
  ]
}